"推文數","日期","帳號"
"2","5/11","TONY7"
"1","5/11","red4268"
"","5/11","hochihhao"
"","5/11","gtsno"
"3","5/11","siaocat"
"","5/11","jack781012"
"","5/11","sagade"
"","5/11","xchangex"
"","5/11","starry5612"
"","9/16","FromIpanema"
"","12/13","VOT1077"
"2","5/11","Csir"
"","5/11","shsjim37"
"","5/11","alex790406"
"","5/11","air0909"
"","5/11","unihorn"
"8","5/11","e8m3i2l2y3"
"","5/11","FooSoo168"
"","5/11","yonhen"
"","5/11","bala85039"
"1","5/11","lazyshine"
"1","5/11","AXAXAX156"
"3","5/11","charming1990"
"2","5/11","keio53"
"","5/11","coldtype"
"1","5/11","stanley111"
"3","5/11","alittlelaba"
"","5/11","eoer"
"1","5/11","takashi01"
"1","5/11","asde7777"
"1","5/11","richardchu"
"","5/11","a6992540"
"","5/11","kiteisflying"
"","5/11","sexkingman"
"","5/11","handben"
"","5/11","liner74101"
"1","5/11","leoiskenshin"
"3","5/11","shiangz"
"","5/11","w45170"
"","5/11","tata724"
"1","5/11","greensdream"
"","5/11","sometimeZ"
"1","5/11","qqww5566"
"","5/11","nikitapv"
"1","5/11","-"
"7","5/11","monicamei"
"","5/11","ppp556"
"","5/11","skytear0104"
"1","5/11","hardick"
"","5/11","james0917"
"2","5/11","sakurainTW"
"4","5/11","mk0423"
"","5/11","nneeeedd"
"","5/11","hegemonist"
"","5/11","nougat"
"","5/11","whataya"
"","5/11","white711"
"1","5/11","hsuyungte"
"","5/11","hittll"
"3","5/11","banine"
"1","5/11","altermative"
"","5/11","YouAreGreen"
"4","5/11","tingmeow"
"","5/11","keyboard22k"
"7","5/11","applejaon"
"","5/11","weichi1988"
"6","5/11","wowgirl"
"","5/11","rasp"
"","5/11","Monthu"
"3","5/11","tammyao"
"","5/11","-"
"4","5/11","cuspitz"
"","5/11","rtes"
"1","5/11","playkill"
"","5/11","akimine"
"7","5/11","niceshotse"
"1","5/11","junjun717"
"","5/11","dosandonts"
"","5/11","-"
"2","5/11","pig8282"
"","5/11","acxacxx"
"","5/11","saloon2"
"","5/11","bluebluelu"
"1","5/11","-"
"","5/11","fresh1324"
"","5/11","-"
"","5/11","apiview"
"1","5/11","qscxz"
"","5/11","marx0126"
"","5/11","YouAreGreen"
"3","5/11","iorikyogs"
"5","5/11","Bdssss"
"1","5/11","Broadcom"
"","5/11","-"
"","5/11","albieiceman"
"2","5/11","LuLoFun"
"","5/11","ygagagaga"
"","5/11","-"
"3","5/11","KCN911"
"","5/11","lovelove777"
"","5/11","ilovecat1985"
"1","5/11","yau03161219"
"1","5/11","funfuntu5566"
"5","5/11","RZih"
"7","5/11","TONY7"
"","5/11","-"
"2","5/11","DuDuCute"
"1","5/11","feist"
"4","5/11","fecita"
"2","5/11","onlyakira820"
"1","5/11","bug9"
"6","5/11","fatguy5566"
"","5/11","LittleoneH"
"","5/11","-"
"3","5/11","ntntc"
"1","5/11","f55077"
"","5/11","hardick"
"9","5/11","ga15918"
"","5/11","Mandy15"
"","5/11","qqww5566"
"7","5/11","-"
"1","5/11","ShawnZheng"
"","5/11","dadungla"
"","5/11","sxcdew"
"2","5/11","comferret"
"","5/11","fff131"
"1","5/11","Fangshiuan"
"","5/11","-"
"5","5/11","-"
"2","5/11","helenhaha"
"5","5/11","-"
"5","5/11","smallfu27"
"1","5/11","ujo1990"
"3","5/11","-"
"","5/11","knight0123"
"2","5/11","a6282003"
"","5/11","senghok"
"","5/11","-"
"","5/11","hihihellohi"
"4","5/11","gung76086"
"","5/11","saloon2"
"","5/11","aret11"
"3","5/11","july563"
"","5/11","lily123411"
"","5/11","chung124"
"","5/11","dxppt"
"4","5/11","sonicyouth45"
"","5/11","-"
"","5/11","-"
"2","5/11","alyuchs"
"2","5/11","lkkyoka"
"2","5/11","-"
"1","5/11","dream01212"
"","5/11","lovelove777"
"2","5/11","wodongz"
"","5/11","lizzie20408"
"1","5/11","zhu0404"
"","5/11","jyusyang"
"","5/11","hsinlu"
"4","5/11","olderredlo"
"4","5/11","-"
"","5/11","-"
"3","5/11","krey0953"
"","5/11","-"
"","5/11","-"
"5","5/11","dousa"
"","5/11","-"
"1","5/11","-"
"","5/11","-"
"1","5/11","lovelove777"
"3","5/11","dosandonts"
"","5/11","gung76086"
"","5/11","memoryfor"
"","5/11","-"
"","5/11","xximab"
"7","5/11","AllenPaul"
"3","5/11","-"
"","5/11","-"
"","5/11","veh"
"2","5/11","jackysta"
"","5/11","ABXD"
"","5/11","NewHand5566"
"","5/11","sift"
"4","5/11","-"
"","5/11","ahung21"
"8","5/11","JustTony"
"2","5/11","aiurcynthia"
"5","5/11","-"
"2","5/11","-"
"2","5/11","loveon"
"7","5/11","kid91c37"
"6","5/11","edwin1129"
"3","5/11","-"
"1","5/11","-"
"","5/11","TURELOVE"
"5","5/11","godgan"
"","5/11","SIAYATE"
"7","5/11","cut8888411"
"1","5/11","hahagood"
"","5/11","spider8866"
"","5/11","takashi01"
"1","5/11","crackedup"
"1","5/11","XDXDDXDDD"
"","5/11","-"
"6","5/11","bbvdd"
"","5/11","-"
"2","5/11","-"
"","5/11","-"
"7","5/11","-"
"3","5/11","-"
"3","5/11","ningyouwa"
"2","5/11","apex0306"
"3","5/11","-"
"","5/11","a74754"
"","5/11","MrBuu"
"1","5/11","DAGG5566"
"3","5/11","-"
"","5/11","clozer"
"1","5/11","stu410450"
"4","5/11","smile800314"
"","5/11","monkey710117"
"","5/11","awdzs"
"4","5/11","sakurainTW"
"1","5/11","lldp91053tw"
"1","5/11","jjj30409"
"","5/11","carreraliang"
"3","5/11","k831208tw"
"","5/11","ARASHI5X10"
"2","5/11","aircool2014"
"2","5/11","JR100083"
"2","5/11","rosetin"
"5","5/11","nougat"
"3","5/11","natural925"
"","5/11","VFS17"
"","5/11","BigJoe"
"","5/11","fu6ru8"
"","5/11","Anonynous"
"5","5/11","keyoard"
"","5/11","sss1234"
"","5/11","-"
"","5/11","toflying"
"","5/11","chousheep"
"3","5/11","-"
"1","5/11","wayne30613"
"3","5/11","-"
"","5/11","BeauAlan"
"5","5/11","bigkimtree"
"","5/11","applejaon"
"1","5/11","-"
"","5/11","jackforyou"
"1","5/11","-"
"2","5/11","gardra"
"","5/11","QQQQ5566"
"","5/11","miniamigo"
"7","5/11","mk5520"
"","5/11","akimine"
"","5/11","alenelva"
"","5/11","w11111155"
"1","5/11","-"
"","5/11","Athenanana"
"5","5/11","waterinsky"
"","5/11","ilovecat1985"
"","5/11","show0726"
"","5/11","-"
"","5/11","jimmy055263"
"","5/11","coolsb"
"","5/11","-"
"1","5/11","-"
"","5/11","chung124"
"1","5/11","kissme520"
"2","5/11","Rausch"
"1","5/11","Traceless"
"","5/11","unifly"
"9","5/11","-"
"","5/11","s394033"
"4","5/11","AllenPaul"
"","5/11","aveline1025"
"","5/11","sanhi"
"","5/11","sexzzz"
"","5/11","xxlegg"
"4","5/11","james0219"
"2","5/11","loveuunf"
"","5/11","chaos26215"
"1","5/11","boozen987"
"","5/11","darkskyaa"
"5","5/11","-"
"","5/11","Tinnia"
"","5/11","-"
"6","5/11","-"
"","5/11","jklin2022"
"3","5/11","-"
"1","5/11","-"
"3","5/11","JonasJerebko"
"","5/11","-"
"1","5/11","poetrysg"
"","5/11","monkey710117"
"5","5/11","viviecat"
"","5/11","fashsboy"
"","5/11","-"
"","5/11","albertstock"
"2","5/11","tencats"
"","5/11","-"
"1","5/11","hsuyungte"
"","5/11","-"
"","5/11","-"
"1","5/11","werws"
"","5/11","cowfeeder"
"","5/11","uzun"
"3","5/11","smallmove"
"2","5/11","-"
"1","5/11","QQ1010530"
"","5/11","-"
"","5/11","apelife"
"1","5/11","bigkimtree"
"","5/11","lovelovegirl"
"","5/11","-"
"","5/11","washdishes"
"","5/11","wumaywumay"
"1","5/11","iammiss"
"","5/11","-"
"","5/11","yaolayKing"
"","5/11","bep"
"","5/11","gamble18112"
"","5/11","chacola5m"
"2","5/11","AllenPaul"
"","5/11","-"
"4","5/11","-"
"2","5/11","-"
"","5/11","givemehighla"
"3","5/11","sunshine1010"
"1","5/11","DAGG5566"
"","5/11","ted1984"
"3","5/11","-"
"","5/11","-"
"","5/11","ntntc"
"","5/11","loveon"
"","5/11","jeremy0331"
"3","5/11","viviecat"
"","5/11","fatcatsir"
"","5/11","funfuntu5566"
"7","5/11","zxc83690"
"","5/11","-"
"9","5/11","-"
"4","5/11","shiangz"
"","5/11","denny15"
"3","5/11","niceshotse"
"","5/11","Nicher"
"1","5/11","lotudi"
"1","5/11","-"
"2","5/11","-"
"7","5/11","-"
"3","5/11","satan317"
"2","5/11","-"
"","5/11","hsiangyun"
"5","5/11","Tinnia"
"2","5/11","-"
"1","5/11","aas852654"
"2","5/11","clindy"
"3","5/11","-"
"","5/11","-"
"3","5/11","desirU"
"","5/11","stanley111"
"","5/11","-"
"1","5/11","lmgallf"
"2","5/11","dxppt"
"","5/11","-"
"","5/11","sk0963"
"","5/11","jumpings"
"3","5/11","jessboxs"
"3","5/11","UWinKing"
"2","5/11","bigfat84"
"1","5/11","over7322"
"","5/11","vivi720331"
"1","5/11","momoching"
"","5/11","cool920808"
"1","5/11","doodoo1991"
"","5/11","mini79103"
"2","5/11","-"
"","5/11","-"
"","5/11","lldp91053tw"
"","5/11","SilenceDan"
"","5/11","senghok"
"","5/11","apiview"
"1","5/11","-"
"","5/11","july563"
"","5/11","-"
"","5/11","searchmylove"
"2","5/11","s114781016"
"","5/11","azsx123"
"","5/11","-"
"","5/11","seafish0301"
"2","5/11","-"
"","5/11","jeremy0331"
"","5/11","banana1225"
"4","5/11","happinessum"
"","5/11","h49072002"
"1","5/11","ken7767"
"","5/11","-"
"","5/11","yaolayKing"
"3","5/11","s903812000"
"","5/11","a3697527"
"3","5/11","lollol698"
"","5/11","-"
"","5/11","-"
"6","5/11","watertoll"
"","5/11","kamyhuei"
"","5/11","-"
"2","5/11","-"
"","5/11","wasabiheit25"
"2","5/11","gardra"
"2","5/11","LSanders"
"","5/11","VFS17"
"2","5/11","X911098"
"3","5/11","jtta"
"2","5/11","-"
"4","5/11","coldmiyako"
"1","5/11","yesnotony"
"2","5/11","husky5566"
"2","5/11","-"
"3","5/11","enlyn"
"2","5/11","GTRwalker"
"2","5/11","Mandy15"
"","5/11","tencats"
"","5/11","-"
"8","5/11","-"
"","5/11","JLackey"
"4","5/11","-"
"","5/11","knight0123"
"2","5/11","w111407"
"2","5/11","yaslan"
"2","5/11","try0316"
"3","5/11","malasing"
"","5/11","amuro1977"
"2","5/11","-"
"","5/11","easonk"
"","5/11","zxc56021"
"6","5/11","aaa1111"
"","5/11","jimlen"
"2","5/11","std7912"
"4","5/11","-"
"","5/11","winnie730"
"1","5/11","-"
"","5/11","clement1031"
"","5/11","cookiesweet"
"5","5/11","alicebbb"
"","5/11","uzun"
"","5/11","dingnick"
"5","5/11","-"
"","5/11","love1988918"
"","5/11","xsandman"
"1","5/11","h49072002"
"5","5/11","CFengY"
"4","5/11","-"
"","5/11","somisslove"
"2","5/11","-"
"","5/11","SM19"
"4","5/11","wami0613"
"","5/11","foreve"
"","5/11","boozen987"
"1","5/11","-"
"1","5/11","kimlu"
"2","5/11","-"
"4","5/11","niceshotse"
"","5/11","code5566"
"","5/11","-"
"4","5/11","abcdragon"
"1","5/11","battlecandy"
"","5/11","v087812"
"7","5/11","dannyxm3"
"1","5/11","ARASHI5X10"
"9","5/11","ntntc"
"","5/11","donghu"
"","5/11","lv05"
"","5/11","WaterRabbit"
"2","5/11","waterinsky"
"1","5/11","-"
"","5/11","shiang552025"
"","5/11","onlyGPS"
"6","5/11","humor0719"
"","5/11","gogin"
"8","5/11","-"
"","5/11","-"
"5","5/11","v6girl"
"7","5/11","-"
"1","5/11","lovephoenix"
"","5/11","-"
"4","5/11","wasse0402"
"","5/11","applejaon"
"8","5/11","-"
"1","5/11","-"
"8","5/11","-"
